-- 部门
DELETE FROM `tmn_sys_department`;
INSERT INTO `tmn_sys_department` (`departmentId`, `departmentName`, `parentId`, `level`, `departmentCode`, `sort`, `createdUser`, `createdTime`, `updatedUser`, `updatedTime`) VALUES (1, '技术中心', 0, 1, 'TD_001', 1, 'admin', '2017-06-13 14:30:45', 'admin', '2017-06-15 17:59:50');
INSERT INTO `tmn_sys_department` (`departmentId`, `departmentName`, `parentId`, `level`, `departmentCode`, `sort`, `createdUser`, `createdTime`, `updatedUser`, `updatedTime`) VALUES (60938698056798208, 'test总部门', 1, 2, '1111', 1, 'admin', '2017-09-07 07:34:20', 'admin', '2017-09-07 07:34:20');
INSERT INTO `tmn_sys_department` (`departmentId`, `departmentName`, `parentId`, `level`, `departmentCode`, `sort`, `createdUser`, `createdTime`, `updatedUser`, `updatedTime`) VALUES (60945809625079808, 'test最小部门2', 60938698056798208, 3, '5555', 1, 'admin', '2017-09-07 08:02:35', 'admin', '2017-09-07 08:12:43');


-- 用户
DELETE FROM `tmn_sys_user`;
INSERT INTO `tmn_sys_user` (`userId`, `userName`, `password`, `realName`, `userCode`, `mobile`, `email`, `headImgUrl`, `salt`, `departmentId`, `status`, `loginTime`, `loginIp`, `errorTimes`, `lockTime`, `createdUser`, `createdTime`, `updatedUser`, `updatedTime`) VALUES (1, 'admin', 'bcaae4d2ff457cb37fa48edd237edca4', '超级用户', 'TJ_0001', '13201935278', '13020125627@163.com', '', 'W5um', 1, 0, '2017-09-14 02:14:17', '120.234.2.106', 0, NULL, 'admin', '2017-06-10 18:18:43', 'admin', '2017-09-14 02:14:17');
INSERT INTO `tmn_sys_user` (`userId`, `userName`, `password`, `realName`, `userCode`, `mobile`, `email`, `headImgUrl`, `salt`, `departmentId`, `status`, `loginTime`, `loginIp`, `errorTimes`, `lockTime`, `createdUser`, `createdTime`, `updatedUser`, `updatedTime`) VALUES (60914705731969024, 'luosiwen', '7c766039686c293b5f567e00a154eedb', '罗思文', 'JT-2890', '13874110740', '13874110740@139.com', '', 'dhDo', 1, 0, '2017-09-07 06:05:19', '218.17.157.50', 0, NULL, 'admin', '2017-09-07 05:58:59', 'admin', '2017-09-07 06:05:19');
INSERT INTO `tmn_sys_user` (`userId`, `userName`, `password`, `realName`, `userCode`, `mobile`, `email`, `headImgUrl`, `salt`, `departmentId`, `status`, `loginTime`, `loginIp`, `errorTimes`, `lockTime`, `createdUser`, `createdTime`, `updatedUser`, `updatedTime`) VALUES (60918789746724864, 'dengxue', '7880164a6dead7a43a704701dc9712ef', '邓雪', '001', '13418726924', '1324505591@qq.com', '', 'SuYe', 1, 0, '2017-09-13 10:06:07', '120.234.2.106', 0, NULL, 'admin', '2017-09-07 06:15:13', 'admin', '2017-09-13 10:06:07');
INSERT INTO `tmn_sys_user` (`userId`, `userName`, `password`, `realName`, `userCode`, `mobile`, `email`, `headImgUrl`, `salt`, `departmentId`, `status`, `loginTime`, `loginIp`, `errorTimes`, `lockTime`, `createdUser`, `createdTime`, `updatedUser`, `updatedTime`) VALUES (61214222457004032, 'zhujianqi', '2c1f3a52ecd111630271bc5b317ccc0b', '祝建奇', 'JT-8521', '13589784155', '13589784155@139.com', '', 'N9wh', 1, 0, '2017-09-13 09:26:37', '120.234.2.106', 0, NULL, 'admin', '2017-09-08 01:49:10', 'admin', '2017-09-13 09:26:37');
INSERT INTO `tmn_sys_user` (`userId`, `userName`, `password`, `realName`, `userCode`, `mobile`, `email`, `headImgUrl`, `salt`, `departmentId`, `status`, `loginTime`, `loginIp`, `errorTimes`, `lockTime`, `createdUser`, `createdTime`, `updatedUser`, `updatedTime`) VALUES (61233638506766336, 'testuser', '27802349a6fbc60630e08fb74d2298cb', 'testuserName', 'testuserCode', '15155555555', '1@163.com', '', '3nHL', 60945809625079808, 0, '2017-09-08 03:45:37', '120.234.2.106', 0, NULL, 'admin', '2017-09-08 03:06:19', 'admin', '2017-09-08 03:45:37');
INSERT INTO `tmn_sys_user` (`userId`, `userName`, `password`, `realName`, `userCode`, `mobile`, `email`, `headImgUrl`, `salt`, `departmentId`, `status`, `loginTime`, `loginIp`, `errorTimes`, `lockTime`, `createdUser`, `createdTime`, `updatedUser`, `updatedTime`) VALUES (61236681424003072, 'testuser2', 'bcb91edbcc5116c8b6f6dda6f4253c2d', 'testuser2Name', 'testuser2Code', '15166666666', '1@163.com', '', 'c3Tq', 60938698056798208, 1, NULL, NULL, 0, NULL, 'admin', '2017-09-08 03:18:25', 'admin', '2017-09-08 03:18:25');
INSERT INTO `tmn_sys_user` (`userId`, `userName`, `password`, `realName`, `userCode`, `mobile`, `email`, `headImgUrl`, `salt`, `departmentId`, `status`, `loginTime`, `loginIp`, `errorTimes`, `lockTime`, `createdUser`, `createdTime`, `updatedUser`, `updatedTime`) VALUES (63052360783503360, 'laoyin', '0f0b522bb9b8b93231fc5cfedf6ed3f9', 'laoyin', 'U003', '13152154124', 'asdfasdf@sf.com', '', 'lB6j', 1, 3, '2017-09-13 03:34:24', '120.234.2.106', 0, NULL, 'admin', '2017-09-13 03:33:17', 'laoyin', '2017-09-13 11:35:11');


-- 栏目
INSERT INTO `tmn_sys_menu` (`menuId`, `menuName`, `url`, `parentId`, `level`, `sort`, `isLeaf`, `createdUser`, `createdTime`, `updatedUser`, `updatedTime`) VALUES (1, '系统管理', '', 0, 1, 0, 0, 'admin', '2017-06-17 10:18:52', 'admin', '2017-06-17 10:18:52');
INSERT INTO `tmn_sys_menu` (`menuId`, `menuName`, `url`, `parentId`, `level`, `sort`, `isLeaf`, `createdUser`, `createdTime`, `updatedUser`, `updatedTime`) VALUES (2, '栏目管理', '/main/system/column', 1, 2, 1, 1, 'admin', '2017-06-21 11:13:36', 'admin', '2017-09-06 07:11:04');
INSERT INTO `tmn_sys_menu` (`menuId`, `menuName`, `url`, `parentId`, `level`, `sort`, `isLeaf`, `createdUser`, `createdTime`, `updatedUser`, `updatedTime`) VALUES (3, '部门管理', '/main/system/department', 1, 2, 2, 1, 'admin', '2017-06-21 11:14:08', 'admin', '2017-09-06 07:11:26');
INSERT INTO `tmn_sys_menu` (`menuId`, `menuName`, `url`, `parentId`, `level`, `sort`, `isLeaf`, `createdUser`, `createdTime`, `updatedUser`, `updatedTime`) VALUES (4, '员工管理', '/main/system/employee', 1, 2, 3, 1, 'admin', '2017-06-21 11:14:22', 'admin', '2017-09-06 07:11:44');
INSERT INTO `tmn_sys_menu` (`menuId`, `menuName`, `url`, `parentId`, `level`, `sort`, `isLeaf`, `createdUser`, `createdTime`, `updatedUser`, `updatedTime`) VALUES (5, '角色管理', '/main/system/role', 1, 2, 4, 1, 'admin', '2017-06-21 11:15:29', 'admin', '2017-09-06 07:12:00');
INSERT INTO `tmn_sys_menu` (`menuId`, `menuName`, `url`, `parentId`, `level`, `sort`, `isLeaf`, `createdUser`, `createdTime`, `updatedUser`, `updatedTime`) VALUES (6, '权限管理', '/main/system/power', 1, 2, 5, 1, 'admin', '2017-06-21 11:15:46', 'admin', '2017-09-06 07:12:11');
INSERT INTO `tmn_sys_menu` (`menuId`, `menuName`, `url`, `parentId`, `level`, `sort`, `isLeaf`, `createdUser`, `createdTime`, `updatedUser`, `updatedTime`) VALUES (60568427424653312, '业务管理', '', 0, 1, 3, 0, 'admin', '2017-09-06 07:03:00', 'admin', '2017-09-06 07:03:00');
INSERT INTO `tmn_sys_menu` (`menuId`, `menuName`, `url`, `parentId`, `level`, `sort`, `isLeaf`, `createdUser`, `createdTime`, `updatedUser`, `updatedTime`) VALUES (60568657092157440, '资金管理', '', 0, 1, 4, 0, 'admin', '2017-09-06 07:03:55', 'admin', '2017-09-06 07:03:55');
INSERT INTO `tmn_sys_menu` (`menuId`, `menuName`, `url`, `parentId`, `level`, `sort`, `isLeaf`, `createdUser`, `createdTime`, `updatedUser`, `updatedTime`) VALUES (60568985485189120, '工作分配', '', 0, 1, 7, 0, 'admin', '2017-09-06 07:05:13', 'admin', '2017-09-06 10:14:43');
INSERT INTO `tmn_sys_menu` (`menuId`, `menuName`, `url`, `parentId`, `level`, `sort`, `isLeaf`, `createdUser`, `createdTime`, `updatedUser`, `updatedTime`) VALUES (60575697080426496, '新产品借款配置', '/main/configuration/newProductLoad', 63123183049404416, 2, 1, 1, 'admin', '2017-09-06 07:31:53', 'admin', '2017-09-06 08:19:37');
INSERT INTO `tmn_sys_menu` (`menuId`, `menuName`, `url`, `parentId`, `level`, `sort`, `isLeaf`, `createdUser`, `createdTime`, `updatedUser`, `updatedTime`) VALUES (60575838667546624, '新产品审核配置', '/main/configuration/speedLoanAuditing', 63123183049404416, 2, 2, 1, 'admin', '2017-09-06 07:32:27', 'admin', '2017-09-07 12:19:06');
INSERT INTO `tmn_sys_menu` (`menuId`, `menuName`, `url`, `parentId`, `level`, `sort`, `isLeaf`, `createdUser`, `createdTime`, `updatedUser`, `updatedTime`) VALUES (60575977272516608, '短信模板配置', '/main/configuration/message', 63123183049404416, 2, 3, 1, 'admin', '2017-09-06 07:33:00', 'admin', '2017-09-06 08:20:12');
INSERT INTO `tmn_sys_menu` (`menuId`, `menuName`, `url`, `parentId`, `level`, `sort`, `isLeaf`, `createdUser`, `createdTime`, `updatedUser`, `updatedTime`) VALUES (60576147833905152, '贷前审核工作分配', '/main/assignments/speedLoanAuditing', 60568985485189120, 2, 1, 1, 'admin', '2017-09-06 07:33:41', 'admin', '2017-09-06 08:48:32');
INSERT INTO `tmn_sys_menu` (`menuId`, `menuName`, `url`, `parentId`, `level`, `sort`, `isLeaf`, `createdUser`, `createdTime`, `updatedUser`, `updatedTime`) VALUES (60576243979919360, '贷后跟踪工作分配', '/main/assignments/speedLoanAfterLoan', 60568985485189120, 2, 2, 1, 'admin', '2017-09-06 07:34:04', 'admin', '2017-09-06 08:48:50');
INSERT INTO `tmn_sys_menu` (`menuId`, `menuName`, `url`, `parentId`, `level`, `sort`, `isLeaf`, `createdUser`, `createdTime`, `updatedUser`, `updatedTime`) VALUES (60576568866512896, '用户账户', '', 60568657092157440, 2, 2, 0, 'admin', '2017-09-06 07:35:21', 'admin', '2017-09-06 07:43:41');
INSERT INTO `tmn_sys_menu` (`menuId`, `menuName`, `url`, `parentId`, `level`, `sort`, `isLeaf`, `createdUser`, `createdTime`, `updatedUser`, `updatedTime`) VALUES (60576674344869888, '充值', '', 60568657092157440, 2, 3, 0, 'admin', '2017-09-06 07:35:46', 'admin', '2017-09-06 07:43:48');
INSERT INTO `tmn_sys_menu` (`menuId`, `menuName`, `url`, `parentId`, `level`, `sort`, `isLeaf`, `createdUser`, `createdTime`, `updatedUser`, `updatedTime`) VALUES (60576745392185344, '代扣', '', 60568657092157440, 2, 4, 0, 'admin', '2017-09-06 07:36:03', 'admin', '2017-09-06 07:43:55');
INSERT INTO `tmn_sys_menu` (`menuId`, `menuName`, `url`, `parentId`, `level`, `sort`, `isLeaf`, `createdUser`, `createdTime`, `updatedUser`, `updatedTime`) VALUES (60577051911921664, '项目管理', '/main/business/newProduct/product', 60568427424653312, 2, 1, 1, 'admin', '2017-09-06 07:37:16', 'admin', '2017-09-06 08:38:02');
INSERT INTO `tmn_sys_menu` (`menuId`, `menuName`, `url`, `parentId`, `level`, `sort`, `isLeaf`, `createdUser`, `createdTime`, `updatedUser`, `updatedTime`) VALUES (60577147370086400, '贷前管理', '/main/business/newProduct/preLoan', 60568427424653312, 2, 2, 1, 'admin', '2017-09-06 07:37:39', 'admin', '2017-09-09 08:26:19');
INSERT INTO `tmn_sys_menu` (`menuId`, `menuName`, `url`, `parentId`, `level`, `sort`, `isLeaf`, `createdUser`, `createdTime`, `updatedUser`, `updatedTime`) VALUES (60577244552110080, '贷后管理', '/main/business/newProduct/afterLoan', 60568427424653312, 2, 3, 1, 'admin', '2017-09-06 07:38:02', 'admin', '2017-09-06 08:38:33');
INSERT INTO `tmn_sys_menu` (`menuId`, `menuName`, `url`, `parentId`, `level`, `sort`, `isLeaf`, `createdUser`, `createdTime`, `updatedUser`, `updatedTime`) VALUES (60579228696977408, '机构账户', '', 60568657092157440, 2, 1, 0, 'admin', '2017-09-06 07:45:55', 'admin', '2017-09-06 07:45:55');
INSERT INTO `tmn_sys_menu` (`menuId`, `menuName`, `url`, `parentId`, `level`, `sort`, `isLeaf`, `createdUser`, `createdTime`, `updatedUser`, `updatedTime`) VALUES (60579394967592960, '机构账户明细', '/main/money/institution/detail', 60579228696977408, 3, 1, 1, 'admin', '2017-09-06 07:46:35', 'admin', '2017-09-06 08:39:27');
INSERT INTO `tmn_sys_menu` (`menuId`, `menuName`, `url`, `parentId`, `level`, `sort`, `isLeaf`, `createdUser`, `createdTime`, `updatedUser`, `updatedTime`) VALUES (60579489955995648, '用户账户明细', '/main/money/user/detail', 60576568866512896, 3, 1, 1, 'admin', '2017-09-06 07:46:58', 'admin', '2017-09-06 08:44:15');
INSERT INTO `tmn_sys_menu` (`menuId`, `menuName`, `url`, `parentId`, `level`, `sort`, `isLeaf`, `createdUser`, `createdTime`, `updatedUser`, `updatedTime`) VALUES (60579600459128832, '充值记录查询', '/main/money/recharge/query', 60576674344869888, 3, 1, 1, 'admin', '2017-09-06 07:47:24', 'admin', '2017-09-06 08:44:31');
INSERT INTO `tmn_sys_menu` (`menuId`, `menuName`, `url`, `parentId`, `level`, `sort`, `isLeaf`, `createdUser`, `createdTime`, `updatedUser`, `updatedTime`) VALUES (60579702540099584, '充值确认处理', '/main/money/recharge/confirm', 60576674344869888, 3, 2, 1, 'admin', '2017-09-06 07:47:48', 'admin', '2017-09-06 08:44:44');
INSERT INTO `tmn_sys_menu` (`menuId`, `menuName`, `url`, `parentId`, `level`, `sort`, `isLeaf`, `createdUser`, `createdTime`, `updatedUser`, `updatedTime`) VALUES (60579787705442304, '代扣记录查询', '/main/money/withhold/query', 60576745392185344, 3, 1, 1, 'admin', '2017-09-06 07:48:09', 'admin', '2017-09-06 08:45:00');
INSERT INTO `tmn_sys_menu` (`menuId`, `menuName`, `url`, `parentId`, `level`, `sort`, `isLeaf`, `createdUser`, `createdTime`, `updatedUser`, `updatedTime`) VALUES (60579865966960640, '代扣确认处理', '/main/money/withhold/confirm', 60576745392185344, 3, 2, 1, 'admin', '2017-09-06 07:48:27', 'admin', '2017-09-06 08:45:10');
INSERT INTO `tmn_sys_menu` (`menuId`, `menuName`, `url`, `parentId`, `level`, `sort`, `isLeaf`, `createdUser`, `createdTime`, `updatedUser`, `updatedTime`) VALUES (61305787082874880, '用户管理', '', 0, 1, 1, 0, 'admin', '2017-09-08 07:53:01', 'admin', '2017-09-08 07:53:01');
INSERT INTO `tmn_sys_menu` (`menuId`, `menuName`, `url`, `parentId`, `level`, `sort`, `isLeaf`, `createdUser`, `createdTime`, `updatedUser`, `updatedTime`) VALUES (61305967089819648, '用户管理列表', '/main/user/userInfo', 61305787082874880, 2, 1, 1, 'admin', '2017-09-08 07:53:44', 'admin', '2017-09-08 07:53:44');
INSERT INTO `tmn_sys_menu` (`menuId`, `menuName`, `url`, `parentId`, `level`, `sort`, `isLeaf`, `createdUser`, `createdTime`, `updatedUser`, `updatedTime`) VALUES (63123183049404416, '配置管理', '', 0, 1, 1, 0, 'admin', '2017-09-13 08:14:42', 'admin', '2017-09-13 08:14:42');

-- 资源
INSERT INTO `tmn_sys_permission` (`permissionId`, `permissionName`, `permissionValue`, `menuId`, `description`, `status`, `createdUser`, `createdTime`, `updatedUser`, `updatedTime`) VALUES (1, '用户菜单列表', 'user:queryMenus', 1, '查询当前用户有权限的菜单列表', 0, 'admin', '2017-06-20 21:59:34', 'admin', '2017-06-20 21:59:34');
INSERT INTO `tmn_sys_permission` (`permissionId`, `permissionName`, `permissionValue`, `menuId`, `description`, `status`, `createdUser`, `createdTime`, `updatedUser`, `updatedTime`) VALUES (2, '用户按钮列表', 'user:queryButtons', 1, '查询当前用户某菜单下有权限的资源列表', 0, 'admin', '2017-06-20 21:59:34', 'admin', '2017-06-20 21:59:34');
INSERT INTO `tmn_sys_permission` (`permissionId`, `permissionName`, `permissionValue`, `menuId`, `description`, `status`, `createdUser`, `createdTime`, `updatedUser`, `updatedTime`) VALUES (3, '【栏目管理】-菜单列表', 'menu:queryTree', 2, '查询全量菜单列表', 0, 'admin', '2017-06-20 21:59:34', 'admin', '2017-06-20 21:59:34');
INSERT INTO `tmn_sys_permission` (`permissionId`, `permissionName`, `permissionValue`, `menuId`, `description`, `status`, `createdUser`, `createdTime`, `updatedUser`, `updatedTime`) VALUES (4, '【栏目管理】-菜单详情', 'menu:queryDetail', 2, '查询菜单详情', 0, 'admin', '2017-06-20 21:59:34', 'admin', '2017-06-20 21:59:34');
INSERT INTO `tmn_sys_permission` (`permissionId`, `permissionName`, `permissionValue`, `menuId`, `description`, `status`, `createdUser`, `createdTime`, `updatedUser`, `updatedTime`) VALUES (5, '【栏目管理】-上级菜单下拉框选项', 'menu:queryParentDownlist', 2, '查询上级菜单下拉列表', 0, 'admin', '2017-06-20 21:59:34', 'admin', '2017-06-20 21:59:34');
INSERT INTO `tmn_sys_permission` (`permissionId`, `permissionName`, `permissionValue`, `menuId`, `description`, `status`, `createdUser`, `createdTime`, `updatedUser`, `updatedTime`) VALUES (6, '【栏目管理】-添加新菜单', 'menu:add', 2, '保存添加的新菜单', 0, 'admin', '2017-06-20 21:59:34', 'admin', '2017-06-20 21:59:34');
INSERT INTO `tmn_sys_permission` (`permissionId`, `permissionName`, `permissionValue`, `menuId`, `description`, `status`, `createdUser`, `createdTime`, `updatedUser`, `updatedTime`) VALUES (7, '【栏目管理】-修改菜单', 'menu:edit', 2, '保存菜单更新内容', 0, 'admin', '2017-06-20 21:59:34', 'admin', '2017-06-20 21:59:34');
INSERT INTO `tmn_sys_permission` (`permissionId`, `permissionName`, `permissionValue`, `menuId`, `description`, `status`, `createdUser`, `createdTime`, `updatedUser`, `updatedTime`) VALUES (8, '【栏目管理】-删除菜单', 'menu:drop', 2, '删除菜单及其下面的资源', 0, 'admin', '2017-06-20 21:59:34', 'admin', '2017-09-06 22:08:30');
INSERT INTO `tmn_sys_permission` (`permissionId`, `permissionName`, `permissionValue`, `menuId`, `description`, `status`, `createdUser`, `createdTime`, `updatedUser`, `updatedTime`) VALUES (9, '【栏目管理】-某菜单的资源列表', 'permission:queryByMenuId', 2, '查询某菜单下的资源列表', 0, 'admin', '2017-06-20 21:59:34', 'admin', '2017-06-20 21:59:34');
INSERT INTO `tmn_sys_permission` (`permissionId`, `permissionName`, `permissionValue`, `menuId`, `description`, `status`, `createdUser`, `createdTime`, `updatedUser`, `updatedTime`) VALUES (10, '【栏目管理】-添加新资源', 'permission:add', 2, '保存添加的新资源', 0, 'admin', '2017-06-20 21:59:34', 'admin', '2017-06-20 21:59:34');
INSERT INTO `tmn_sys_permission` (`permissionId`, `permissionName`, `permissionValue`, `menuId`, `description`, `status`, `createdUser`, `createdTime`, `updatedUser`, `updatedTime`) VALUES (11, '【栏目管理】-修改资源', 'permission:edit', 2, '保存资源的更新内容', 0, 'admin', '2017-06-20 21:59:34', 'admin', '2017-06-20 21:59:34');
INSERT INTO `tmn_sys_permission` (`permissionId`, `permissionName`, `permissionValue`, `menuId`, `description`, `status`, `createdUser`, `createdTime`, `updatedUser`, `updatedTime`) VALUES (12, '【栏目管理】-删除资源', 'permission:drop', 2, '删除资源', 0, 'admin', '2017-06-20 21:59:34', 'admin', '2017-06-20 21:59:34');
INSERT INTO `tmn_sys_permission` (`permissionId`, `permissionName`, `permissionValue`, `menuId`, `description`, `status`, `createdUser`, `createdTime`, `updatedUser`, `updatedTime`) VALUES (13, '【部门管理】-部门列表', 'department:queryTree', 3, '查询全量部门列表', 0, 'admin', '2017-06-20 21:59:34', 'admin', '2017-06-20 21:59:34');
INSERT INTO `tmn_sys_permission` (`permissionId`, `permissionName`, `permissionValue`, `menuId`, `description`, `status`, `createdUser`, `createdTime`, `updatedUser`, `updatedTime`) VALUES (14, '【部门管理】-部门详情', 'department:queryDetail', 3, '查询部门详情', 0, 'admin', '2017-06-20 21:59:34', 'admin', '2017-06-20 21:59:34');
INSERT INTO `tmn_sys_permission` (`permissionId`, `permissionName`, `permissionValue`, `menuId`, `description`, `status`, `createdUser`, `createdTime`, `updatedUser`, `updatedTime`) VALUES (15, '【部门管理】-添加部门', 'department:add', 3, '保存添加的新部门', 0, 'admin', '2017-06-20 21:59:34', 'admin', '2017-06-20 21:59:34');
INSERT INTO `tmn_sys_permission` (`permissionId`, `permissionName`, `permissionValue`, `menuId`, `description`, `status`, `createdUser`, `createdTime`, `updatedUser`, `updatedTime`) VALUES (16, '【部门管理】-修改部门', 'department:edit', 3, '保存部门的更新内容', 0, 'admin', '2017-06-20 21:59:34', 'admin', '2017-06-20 21:59:34');
INSERT INTO `tmn_sys_permission` (`permissionId`, `permissionName`, `permissionValue`, `menuId`, `description`, `status`, `createdUser`, `createdTime`, `updatedUser`, `updatedTime`) VALUES (17, '【部门管理】-删除部门', 'department:drop', 3, '删除部门', 0, 'admin', '2017-06-20 21:59:34', 'admin', '2017-09-07 19:21:07');
INSERT INTO `tmn_sys_permission` (`permissionId`, `permissionName`, `permissionValue`, `menuId`, `description`, `status`, `createdUser`, `createdTime`, `updatedUser`, `updatedTime`) VALUES (18, '【部门管理】-上级部门下拉框选项', 'department:queryParentDownlist', 3, '查询上级部门下拉列表', 0, 'admin', '2017-06-20 21:59:34', 'admin', '2017-06-20 21:59:34');
INSERT INTO `tmn_sys_permission` (`permissionId`, `permissionName`, `permissionValue`, `menuId`, `description`, `status`, `createdUser`, `createdTime`, `updatedUser`, `updatedTime`) VALUES (19, '【员工管理】-员工列表', 'user:query', 4, '根据筛选条件查询员工列表', 0, 'admin', '2017-06-20 21:59:34', 'admin', '2017-06-20 21:59:34');
INSERT INTO `tmn_sys_permission` (`permissionId`, `permissionName`, `permissionValue`, `menuId`, `description`, `status`, `createdUser`, `createdTime`, `updatedUser`, `updatedTime`) VALUES (20, '【员工管理】-添加员工信息', 'user:add', 4, '保存添加的员工信息', 0, 'admin', '2017-06-20 21:59:34', 'admin', '2017-06-20 21:59:34');
INSERT INTO `tmn_sys_permission` (`permissionId`, `permissionName`, `permissionValue`, `menuId`, `description`, `status`, `createdUser`, `createdTime`, `updatedUser`, `updatedTime`) VALUES (21, '【员工管理】-修改员工信息', 'user:edit', 4, '保持员工信息的更新内容', 0, 'admin', '2017-06-20 21:59:34', 'admin', '2017-06-20 21:59:34');
INSERT INTO `tmn_sys_permission` (`permissionId`, `permissionName`, `permissionValue`, `menuId`, `description`, `status`, `createdUser`, `createdTime`, `updatedUser`, `updatedTime`) VALUES (22, '【员工管理】-修改密码', 'user:updatePassword', 4, '更新员工密码', 0, 'admin', '2017-06-20 21:59:34', 'admin', '2017-06-20 21:59:34');
INSERT INTO `tmn_sys_permission` (`permissionId`, `permissionName`, `permissionValue`, `menuId`, `description`, `status`, `createdUser`, `createdTime`, `updatedUser`, `updatedTime`) VALUES (23, '【员工管理】-重置密码', 'user:resetPassword', 4, '重置员工密码', 0, 'admin', '2017-06-20 21:59:34', 'admin', '2017-06-20 21:59:34');
INSERT INTO `tmn_sys_permission` (`permissionId`, `permissionName`, `permissionValue`, `menuId`, `description`, `status`, `createdUser`, `createdTime`, `updatedUser`, `updatedTime`) VALUES (24, '【员工管理】-删除员工', 'user:drop', 4, '删除员工', 0, 'admin', '2017-06-20 21:59:34', 'admin', '2017-06-20 21:59:34');
INSERT INTO `tmn_sys_permission` (`permissionId`, `permissionName`, `permissionValue`, `menuId`, `description`, `status`, `createdUser`, `createdTime`, `updatedUser`, `updatedTime`) VALUES (25, '【员工管理】-查询员工信息', 'user:queryDetail', 4, '查询员工信息详情', 0, 'admin', '2017-06-20 21:59:34', 'admin', '2017-06-20 21:59:34');
INSERT INTO `tmn_sys_permission` (`permissionId`, `permissionName`, `permissionValue`, `menuId`, `description`, `status`, `createdUser`, `createdTime`, `updatedUser`, `updatedTime`) VALUES (26, '【部门管理】-部门下拉框选项', 'department:queryTree', 4, '查询全量部门下拉列表', 0, 'admin', '2017-06-20 21:59:34', 'admin', '2017-06-20 21:59:34');
INSERT INTO `tmn_sys_permission` (`permissionId`, `permissionName`, `permissionValue`, `menuId`, `description`, `status`, `createdUser`, `createdTime`, `updatedUser`, `updatedTime`) VALUES (27, '【部门管理】-角色下拉框选项', 'role:queryAll', 4, '查询全量角色下拉列表', 1, 'admin', '2017-06-20 21:59:34', 'admin', '2017-09-07 18:15:49');
INSERT INTO `tmn_sys_permission` (`permissionId`, `permissionName`, `permissionValue`, `menuId`, `description`, `status`, `createdUser`, `createdTime`, `updatedUser`, `updatedTime`) VALUES (28, '【角色管理】-角色列表', 'role:query', 5, '查询部门下拉列表', 0, 'admin', '2017-06-20 21:59:34', 'admin', '2017-06-20 21:59:34');
INSERT INTO `tmn_sys_permission` (`permissionId`, `permissionName`, `permissionValue`, `menuId`, `description`, `status`, `createdUser`, `createdTime`, `updatedUser`, `updatedTime`) VALUES (29, '【角色管理】-角色详情', 'role:queryDetail', 5, '查询角色详情', 0, 'admin', '2017-06-20 21:59:34', 'admin', '2017-06-20 21:59:34');
INSERT INTO `tmn_sys_permission` (`permissionId`, `permissionName`, `permissionValue`, `menuId`, `description`, `status`, `createdUser`, `createdTime`, `updatedUser`, `updatedTime`) VALUES (30, '【角色管理】-添加角色', 'role:add', 5, '保存添加的新角色', 0, 'admin', '2017-06-20 21:59:34', 'admin', '2017-06-20 21:59:34');
INSERT INTO `tmn_sys_permission` (`permissionId`, `permissionName`, `permissionValue`, `menuId`, `description`, `status`, `createdUser`, `createdTime`, `updatedUser`, `updatedTime`) VALUES (31, '【角色管理】-修改角色', 'role:edit', 5, '保存角色的更新内容', 0, 'admin', '2017-06-20 21:59:34', 'admin', '2017-06-20 21:59:34');
INSERT INTO `tmn_sys_permission` (`permissionId`, `permissionName`, `permissionValue`, `menuId`, `description`, `status`, `createdUser`, `createdTime`, `updatedUser`, `updatedTime`) VALUES (32, '【角色管理】-删除角色', 'role:drop', 5, '删除角色', 1, 'admin', '2017-06-20 21:59:34', 'admin', '2017-09-07 19:12:02');
INSERT INTO `tmn_sys_permission` (`permissionId`, `permissionName`, `permissionValue`, `menuId`, `description`, `status`, `createdUser`, `createdTime`, `updatedUser`, `updatedTime`) VALUES (33, '【权限管理】-角色下拉框选项', 'role:queryAll', 6, '查询全量角色下拉列表', 0, 'admin', '2017-06-20 21:59:34', 'admin', '2017-06-20 21:59:34');
INSERT INTO `tmn_sys_permission` (`permissionId`, `permissionName`, `permissionValue`, `menuId`, `description`, `status`, `createdUser`, `createdTime`, `updatedUser`, `updatedTime`) VALUES (34, '【权限管理】-查询角色菜单列表', 'role:queryMenus', 6, '查询角色的菜单授权情况', 0, 'admin', '2017-06-20 21:59:34', 'admin', '2017-06-20 21:59:34');
INSERT INTO `tmn_sys_permission` (`permissionId`, `permissionName`, `permissionValue`, `menuId`, `description`, `status`, `createdUser`, `createdTime`, `updatedUser`, `updatedTime`) VALUES (35, '【权限管理】-查询角色资源列表', 'role:queryPermissions', 6, '查询某菜单下角色的资源授权情况', 0, 'admin', '2017-06-20 21:59:34', 'admin', '2017-06-20 21:59:34');
INSERT INTO `tmn_sys_permission` (`permissionId`, `permissionName`, `permissionValue`, `menuId`, `description`, `status`, `createdUser`, `createdTime`, `updatedUser`, `updatedTime`) VALUES (36, '【权限管理】-更新角色权限', 'role:grantPermission', 6, '保存角色的更新内容', 0, 'admin', '2017-06-20 21:59:34', 'admin', '2017-06-20 21:59:34');
INSERT INTO `tmn_sys_permission` (`permissionId`, `permissionName`, `permissionValue`, `menuId`, `description`, `status`, `createdUser`, `createdTime`, `updatedUser`, `updatedTime`) VALUES (60647978313998336, '贷前管理-标的列表查询', 'audit:listProject', 60577147370086400, '查询贷前标的列表', 0, 'admin', '2017-09-06 12:19:07', 'admin', '2017-09-06 12:19:07');
INSERT INTO `tmn_sys_permission` (`permissionId`, `permissionName`, `permissionValue`, `menuId`, `description`, `status`, `createdUser`, `createdTime`, `updatedUser`, `updatedTime`) VALUES (60649080031830016, '贷后标的查询', 'afterloan:listProject', 60577244552110080, '贷后标的查询', 0, 'admin', '2017-09-06 12:23:29', 'admin', '2017-09-08 09:56:29');
INSERT INTO `tmn_sys_permission` (`permissionId`, `permissionName`, `permissionValue`, `menuId`, `description`, `status`, `createdUser`, `createdTime`, `updatedUser`, `updatedTime`) VALUES (61007887702450176, '机构账户明细', 'fund:listOrgBills', 60579394967592960, '资金管理，机构账户明细', 0, 'admin', '2017-09-07 12:09:16', 'admin', '2017-09-07 12:09:16');
INSERT INTO `tmn_sys_permission` (`permissionId`, `permissionName`, `permissionValue`, `menuId`, `description`, `status`, `createdUser`, `createdTime`, `updatedUser`, `updatedTime`) VALUES (61008498586034176, '用户账户明细', 'fund:listUserBills', 60579489955995648, '资金管理，fund:listUserBills', 0, 'admin', '2017-09-07 12:11:41', 'admin', '2017-09-07 12:11:41');
INSERT INTO `tmn_sys_permission` (`permissionId`, `permissionName`, `permissionValue`, `menuId`, `description`, `status`, `createdUser`, `createdTime`, `updatedUser`, `updatedTime`) VALUES (61008704656400384, '充值记录查询', 'fund:queryRechargeList', 60579600459128832, '资金管理，充值记录查询', 0, 'admin', '2017-09-07 12:12:31', 'admin', '2017-09-07 12:12:31');
INSERT INTO `tmn_sys_permission` (`permissionId`, `permissionName`, `permissionValue`, `menuId`, `description`, `status`, `createdUser`, `createdTime`, `updatedUser`, `updatedTime`) VALUES (61008983162380288, '充值确认处理', 'fund:handleRechargeRecord', 60579702540099584, '资金管理，充值确认处理', 0, 'admin', '2017-09-07 12:13:37', 'admin', '2017-09-07 12:13:37');
INSERT INTO `tmn_sys_permission` (`permissionId`, `permissionName`, `permissionValue`, `menuId`, `description`, `status`, `createdUser`, `createdTime`, `updatedUser`, `updatedTime`) VALUES (61009238087983104, '代扣记录查询', 'fund:queryWithholdList', 60579787705442304, '资金管理，代扣记录查询', 0, 'admin', '2017-09-07 12:14:38', 'admin', '2017-09-07 12:14:38');
INSERT INTO `tmn_sys_permission` (`permissionId`, `permissionName`, `permissionValue`, `menuId`, `description`, `status`, `createdUser`, `createdTime`, `updatedUser`, `updatedTime`) VALUES (61009491994353664, '代扣确认处理', 'fund:handleWithholdRecord', 60579865966960640, '资金管理，代扣确认处理', 0, 'admin', '2017-09-07 12:15:38', 'admin', '2017-09-07 12:15:38');
INSERT INTO `tmn_sys_permission` (`permissionId`, `permissionName`, `permissionValue`, `menuId`, `description`, `status`, `createdUser`, `createdTime`, `updatedUser`, `updatedTime`) VALUES (61011724706275328, '借款配置查询', 'loanconfig:query', 60575697080426496, '借款配置查询', 0, 'admin', '2017-09-07 12:24:31', 'admin', '2017-09-07 12:24:31');
INSERT INTO `tmn_sys_permission` (`permissionId`, `permissionName`, `permissionValue`, `menuId`, `description`, `status`, `createdUser`, `createdTime`, `updatedUser`, `updatedTime`) VALUES (61021361799192576, '审核配置列表', 'auditConfig:queryTree', 60575838667546624, '审核配置列表', 0, 'admin', '2017-09-07 13:02:48', 'admin', '2017-09-07 13:02:48');
INSERT INTO `tmn_sys_permission` (`permissionId`, `permissionName`, `permissionValue`, `menuId`, `description`, `status`, `createdUser`, `createdTime`, `updatedUser`, `updatedTime`) VALUES (61021687881150464, '审核配置详情', 'auditConfig:query', 60575838667546624, '审核配置详情', 0, 'admin', '2017-09-07 13:04:06', 'admin', '2017-09-07 13:04:06');
INSERT INTO `tmn_sys_permission` (`permissionId`, `permissionName`, `permissionValue`, `menuId`, `description`, `status`, `createdUser`, `createdTime`, `updatedUser`, `updatedTime`) VALUES (61022465291214848, '审核配置-父类别下拉列表查询', 'auditConfig:queryDownlist', 60575838667546624, '审核配置-父类别下拉列表查询', 0, 'admin', '2017-09-07 13:07:11', 'admin', '2017-09-07 13:07:11');
INSERT INTO `tmn_sys_permission` (`permissionId`, `permissionName`, `permissionValue`, `menuId`, `description`, `status`, `createdUser`, `createdTime`, `updatedUser`, `updatedTime`) VALUES (61028593450377216, '更新借款配置', 'loanconfig:update', 60575697080426496, '更新借款配置', 0, 'admin', '2017-09-07 13:31:32', 'admin', '2017-09-07 13:31:32');
INSERT INTO `tmn_sys_permission` (`permissionId`, `permissionName`, `permissionValue`, `menuId`, `description`, `status`, `createdUser`, `createdTime`, `updatedUser`, `updatedTime`) VALUES (61312449059512320, '贷前管理-导出数据', 'audit:exportProject', 60577147370086400, '', 0, 'admin', '2017-09-08 08:19:29', 'admin', '2017-09-08 08:19:29');
INSERT INTO `tmn_sys_permission` (`permissionId`, `permissionName`, `permissionValue`, `menuId`, `description`, `status`, `createdUser`, `createdTime`, `updatedUser`, `updatedTime`) VALUES (61317179760472064, '业务管理-项目管理-导出数据', 'project:exportList', 60577051911921664, '', 0, 'admin', '2017-09-08 08:38:17', 'admin', '2017-09-08 08:38:17');
INSERT INTO `tmn_sys_permission` (`permissionId`, `permissionName`, `permissionValue`, `menuId`, `description`, `status`, `createdUser`, `createdTime`, `updatedUser`, `updatedTime`) VALUES (61320379393667072, '项目管理-还款信息', 'afterloan:selectRepayInfo', 60577051911921664, '', 0, 'admin', '2017-09-08 08:51:00', 'admin', '2017-09-08 08:51:00');
INSERT INTO `tmn_sys_permission` (`permissionId`, `permissionName`, `permissionValue`, `menuId`, `description`, `status`, `createdUser`, `createdTime`, `updatedUser`, `updatedTime`) VALUES (61320516429967360, '项目管理-还款信息', 'afterloan:selectRepayInfo', 60577147370086400, '', 0, 'admin', '2017-09-08 08:51:32', 'admin', '2017-09-08 08:51:32');
INSERT INTO `tmn_sys_permission` (`permissionId`, `permissionName`, `permissionValue`, `menuId`, `description`, `status`, `createdUser`, `createdTime`, `updatedUser`, `updatedTime`) VALUES (62306852569903104, '查询审核原因', 'auditConfig:queryTreeByStatus', 60577147370086400, '查询审核原因', 0, 'dengxue', '2017-09-11 02:10:53', 'dengxue', '2017-09-11 02:10:53');
INSERT INTO `tmn_sys_permission` (`permissionId`, `permissionName`, `permissionValue`, `menuId`, `description`, `status`, `createdUser`, `createdTime`, `updatedUser`, `updatedTime`) VALUES (62361032475041792, '贷后跟踪-保存通话状态', 'afterloan:saveCallStatus', 60577244552110080, '贷后跟踪-保存通话状态', 0, 'admin', '2017-09-11 05:46:11', 'admin', '2017-09-11 05:46:11');
INSERT INTO `tmn_sys_permission` (`permissionId`, `permissionName`, `permissionValue`, `menuId`, `description`, `status`, `createdUser`, `createdTime`, `updatedUser`, `updatedTime`) VALUES (62361931901571072, '贷后管理-查询逾期冲销记录', 'afterloan:listOverdueCancel', 60577244552110080, '贷后管理-查询逾期冲销记录', 0, 'admin', '2017-09-11 05:49:45', 'admin', '2017-09-11 05:49:45');
INSERT INTO `tmn_sys_permission` (`permissionId`, `permissionName`, `permissionValue`, `menuId`, `description`, `status`, `createdUser`, `createdTime`, `updatedUser`, `updatedTime`) VALUES (62362207425400832, '贷后管理-查询电话跟踪记录', 'afterloan:selectPhoneTrack', 60577244552110080, '贷后管理-查询电话跟踪记录', 0, 'admin', '2017-09-11 05:50:51', 'admin', '2017-09-11 05:50:51');
INSERT INTO `tmn_sys_permission` (`permissionId`, `permissionName`, `permissionValue`, `menuId`, `description`, `status`, `createdUser`, `createdTime`, `updatedUser`, `updatedTime`) VALUES (62362551580647424, '贷后管理-查询催收记录列表', 'afterloan:listCollection', 60577244552110080, '贷后管理-查询催收记录列表', 0, 'admin', '2017-09-11 05:52:13', 'admin', '2017-09-11 05:52:13');
INSERT INTO `tmn_sys_permission` (`permissionId`, `permissionName`, `permissionValue`, `menuId`, `description`, `status`, `createdUser`, `createdTime`, `updatedUser`, `updatedTime`) VALUES (62665990768451584, '查询审核结果', 'query:audit:result', 60577147370086400, '查询审核结果', 0, 'admin', '2017-09-12 01:57:59', 'admin', '2017-09-12 01:57:59');
INSERT INTO `tmn_sys_permission` (`permissionId`, `permissionName`, `permissionValue`, `menuId`, `description`, `status`, `createdUser`, `createdTime`, `updatedUser`, `updatedTime`) VALUES (62670042159915008, '审核详情-查询借款信息', 'audit:borrow:info', 60577147370086400, '审核详情-查询借款信息', 0, 'admin', '2017-09-12 02:14:05', 'admin', '2017-09-12 02:14:05');
INSERT INTO `tmn_sys_permission` (`permissionId`, `permissionName`, `permissionValue`, `menuId`, `description`, `status`, `createdUser`, `createdTime`, `updatedUser`, `updatedTime`) VALUES (62693805064740864, '贷前审核', 'audit:strategy', 60577147370086400, '贷前审核', 0, 'admin', '2017-09-12 03:48:30', 'admin', '2017-09-12 03:48:30');
INSERT INTO `tmn_sys_permission` (`permissionId`, `permissionName`, `permissionValue`, `menuId`, `description`, `status`, `createdUser`, `createdTime`, `updatedUser`, `updatedTime`) VALUES (62728097836834816, '新增催收进度', 'afterloan:saveCollection', 60577244552110080, '新增催收进度', 0, 'admin', '2017-09-12 06:04:46', 'admin', '2017-09-12 06:04:46');
INSERT INTO `tmn_sys_permission` (`permissionId`, `permissionName`, `permissionValue`, `menuId`, `description`, `status`, `createdUser`, `createdTime`, `updatedUser`, `updatedTime`) VALUES (62750744134049792, '审核详情页-查询照片信息', 'audit:queryPhotoInfo', 60577147370086400, '审核详情页-查询照片信息', 0, 'dengxue', '2017-09-12 07:34:45', 'dengxue', '2017-09-12 07:34:45');
INSERT INTO `tmn_sys_permission` (`permissionId`, `permissionName`, `permissionValue`, `menuId`, `description`, `status`, `createdUser`, `createdTime`, `updatedUser`, `updatedTime`) VALUES (62750865672396800, '审核详情页-查询紧急联系人', 'audit:queryLinkManInfos', 60577147370086400, '审核详情页-查询紧急联系人', 0, 'dengxue', '2017-09-12 07:35:14', 'dengxue', '2017-09-12 07:35:14');
INSERT INTO `tmn_sys_permission` (`permissionId`, `permissionName`, `permissionValue`, `menuId`, `description`, `status`, `createdUser`, `createdTime`, `updatedUser`, `updatedTime`) VALUES (62750973356957696, '审核详情页-查询用户信息', 'audit:queryUserInfo', 60577147370086400, '审核详情页-查询用户信息', 0, 'dengxue', '2017-09-12 07:35:40', 'dengxue', '2017-09-12 07:35:40');
INSERT INTO `tmn_sys_permission` (`permissionId`, `permissionName`, `permissionValue`, `menuId`, `description`, `status`, `createdUser`, `createdTime`, `updatedUser`, `updatedTime`) VALUES (62765847088734208, '删除催收进度', 'afterloan:delCollection', 60577244552110080, '删除催收进度', 0, 'admin', '2017-09-12 08:34:46', 'admin', '2017-09-12 08:34:46');
INSERT INTO `tmn_sys_permission` (`permissionId`, `permissionName`, `permissionValue`, `menuId`, `description`, `status`, `createdUser`, `createdTime`, `updatedUser`, `updatedTime`) VALUES (62766668773875712, '编辑催收进度', 'afterloan:updateCollection', 60577244552110080, '编辑催收进度', 0, 'admin', '2017-09-12 08:38:02', 'admin', '2017-09-12 08:38:02');
INSERT INTO `tmn_sys_permission` (`permissionId`, `permissionName`, `permissionValue`, `menuId`, `description`, `status`, `createdUser`, `createdTime`, `updatedUser`, `updatedTime`) VALUES (62776177386872832, '发送短信', 'afterloan:sendSms', 60577244552110080, '发送短信', 0, 'dengxue', '2017-09-12 09:15:49', 'dengxue', '2017-09-12 09:15:49');
INSERT INTO `tmn_sys_permission` (`permissionId`, `permissionName`, `permissionValue`, `menuId`, `description`, `status`, `createdUser`, `createdTime`, `updatedUser`, `updatedTime`) VALUES (63048216169439232, '历史借款记录查询', 'audit:borrow:history', 60577147370086400, '历史借款记录查询', 0, 'admin', '2017-09-13 03:16:48', 'admin', '2017-09-13 03:16:48');
INSERT INTO `tmn_sys_permission` (`permissionId`, `permissionName`, `permissionValue`, `menuId`, `description`, `status`, `createdUser`, `createdTime`, `updatedUser`, `updatedTime`) VALUES (63053970188279808, '查询历史照片', 'audit:queryHisPhotoInfo', 60577147370086400, '查询历史照片', 0, 'admin', '2017-09-13 03:39:40', 'admin', '2017-09-13 03:39:40');



-- 角色
INSERT INTO `tmn_sys_role` (`roleId`, `roleName`, `description`, `createdUser`, `createdTime`, `updatedUser`, `updatedTime`) VALUES (1, '超级管理员角色', '最高权限角色，拥有所有权限', 'admin', '2017-06-13 10:50:08', 'admin', '2017-06-13 10:50:08');
INSERT INTO `tmn_sys_role` (`roleId`, `roleName`, `description`, `createdUser`, `createdTime`, `updatedUser`, `updatedTime`) VALUES (2, '你我云贷审核员', '你我云贷审核员', 'admin', '2017-09-07 06:18:48', 'admin', '2017-09-07 06:18:48');


-- 角色菜单权限
INSERT INTO `tmn_sys_role_menu` (`id`,`roleId`, `menuId`, `createdUser`, `createdTime`, `updatedUser`, `updatedTime`) VALUES (15088962543616,1, 1, 'admin', '2017-09-14 01:54:37', 'admin', '2017-09-14 01:54:37');
INSERT INTO `tmn_sys_role_menu` (`id`,`roleId`, `menuId`, `createdUser`, `createdTime`, `updatedUser`, `updatedTime`) VALUES (15088962543617,1, 2, 'admin', '2017-09-14 01:54:37', 'admin', '2017-09-14 01:54:37');
INSERT INTO `tmn_sys_role_menu` (`id`,`roleId`, `menuId`, `createdUser`, `createdTime`, `updatedUser`, `updatedTime`) VALUES (15088962543618,1, 3, 'admin', '2017-09-14 01:54:37', 'admin', '2017-09-14 01:54:37');
INSERT INTO `tmn_sys_role_menu` (`id`,`roleId`, `menuId`, `createdUser`, `createdTime`, `updatedUser`, `updatedTime`) VALUES (15088962543619,1, 4, 'admin', '2017-09-14 01:54:37', 'admin', '2017-09-14 01:54:37');
INSERT INTO `tmn_sys_role_menu` (`id`,`roleId`, `menuId`, `createdUser`, `createdTime`, `updatedUser`, `updatedTime`) VALUES (15088962543620,1, 5, 'admin', '2017-09-14 01:54:37', 'admin', '2017-09-14 01:54:37');
INSERT INTO `tmn_sys_role_menu` (`id`,`roleId`, `menuId`, `createdUser`, `createdTime`, `updatedUser`, `updatedTime`) VALUES (15088962543621,1, 6, 'admin', '2017-09-14 01:54:37', 'admin', '2017-09-14 01:54:37');
INSERT INTO `tmn_sys_role_menu` (`id`,`roleId`, `menuId`, `createdUser`, `createdTime`, `updatedUser`, `updatedTime`) VALUES (15088962543622,1, 60568427424653312, 'admin', '2017-09-14 01:54:37', 'admin', '2017-09-14 01:54:37');
INSERT INTO `tmn_sys_role_menu` (`id`,`roleId`, `menuId`, `createdUser`, `createdTime`, `updatedUser`, `updatedTime`) VALUES (15088962543623,1, 60568657092157440, 'admin', '2017-09-14 01:54:37', 'admin', '2017-09-14 01:54:37');
INSERT INTO `tmn_sys_role_menu` (`id`,`roleId`, `menuId`, `createdUser`, `createdTime`, `updatedUser`, `updatedTime`) VALUES (15088962543624,1, 60568985485189120, 'admin', '2017-09-14 01:54:37', 'admin', '2017-09-14 01:54:37');
INSERT INTO `tmn_sys_role_menu` (`id`,`roleId`, `menuId`, `createdUser`, `createdTime`, `updatedUser`, `updatedTime`) VALUES (15088962543625,1, 60575697080426496, 'admin', '2017-09-14 01:54:37', 'admin', '2017-09-14 01:54:37');
INSERT INTO `tmn_sys_role_menu` (`id`,`roleId`, `menuId`, `createdUser`, `createdTime`, `updatedUser`, `updatedTime`) VALUES (15088962543626,1, 60575838667546624, 'admin', '2017-09-14 01:54:37', 'admin', '2017-09-14 01:54:37');
INSERT INTO `tmn_sys_role_menu` (`id`,`roleId`, `menuId`, `createdUser`, `createdTime`, `updatedUser`, `updatedTime`) VALUES (15088962543627,1, 60575977272516608, 'admin', '2017-09-14 01:54:37', 'admin', '2017-09-14 01:54:37');
INSERT INTO `tmn_sys_role_menu` (`id`,`roleId`, `menuId`, `createdUser`, `createdTime`, `updatedUser`, `updatedTime`) VALUES (15088962543628,1, 60576147833905152, 'admin', '2017-09-14 01:54:37', 'admin', '2017-09-14 01:54:37');
INSERT INTO `tmn_sys_role_menu` (`id`,`roleId`, `menuId`, `createdUser`, `createdTime`, `updatedUser`, `updatedTime`) VALUES (15088962543629,1, 60576243979919360, 'admin', '2017-09-14 01:54:37', 'admin', '2017-09-14 01:54:37');
INSERT INTO `tmn_sys_role_menu` (`id`,`roleId`, `menuId`, `createdUser`, `createdTime`, `updatedUser`, `updatedTime`) VALUES (15088962543630,1, 60576568866512896, 'admin', '2017-09-14 01:54:37', 'admin', '2017-09-14 01:54:37');
INSERT INTO `tmn_sys_role_menu` (`id`,`roleId`, `menuId`, `createdUser`, `createdTime`, `updatedUser`, `updatedTime`) VALUES (15088962543631,1, 60576674344869888, 'admin', '2017-09-14 01:54:37', 'admin', '2017-09-14 01:54:37');
INSERT INTO `tmn_sys_role_menu` (`id`,`roleId`, `menuId`, `createdUser`, `createdTime`, `updatedUser`, `updatedTime`) VALUES (15088962543632,1, 60576745392185344, 'admin', '2017-09-14 01:54:37', 'admin', '2017-09-14 01:54:37');
INSERT INTO `tmn_sys_role_menu` (`id`,`roleId`, `menuId`, `createdUser`, `createdTime`, `updatedUser`, `updatedTime`) VALUES (15088962543633,1, 60577051911921664, 'admin', '2017-09-14 01:54:37', 'admin', '2017-09-14 01:54:37');
INSERT INTO `tmn_sys_role_menu` (`id`,`roleId`, `menuId`, `createdUser`, `createdTime`, `updatedUser`, `updatedTime`) VALUES (15088962543634,1, 60577147370086400, 'admin', '2017-09-14 01:54:37', 'admin', '2017-09-14 01:54:37');
INSERT INTO `tmn_sys_role_menu` (`id`,`roleId`, `menuId`, `createdUser`, `createdTime`, `updatedUser`, `updatedTime`) VALUES (15088962543635,1, 60577244552110080, 'admin', '2017-09-14 01:54:37', 'admin', '2017-09-14 01:54:37');
INSERT INTO `tmn_sys_role_menu` (`id`,`roleId`, `menuId`, `createdUser`, `createdTime`, `updatedUser`, `updatedTime`) VALUES (15088962543636,1, 60579228696977408, 'admin', '2017-09-14 01:54:37', 'admin', '2017-09-14 01:54:37');
INSERT INTO `tmn_sys_role_menu` (`id`,`roleId`, `menuId`, `createdUser`, `createdTime`, `updatedUser`, `updatedTime`) VALUES (15088962543637,1, 60579394967592960, 'admin', '2017-09-14 01:54:37', 'admin', '2017-09-14 01:54:37');
INSERT INTO `tmn_sys_role_menu` (`id`,`roleId`, `menuId`, `createdUser`, `createdTime`, `updatedUser`, `updatedTime`) VALUES (15088962543638,1, 60579489955995648, 'admin', '2017-09-14 01:54:37', 'admin', '2017-09-14 01:54:37');
INSERT INTO `tmn_sys_role_menu` (`id`,`roleId`, `menuId`, `createdUser`, `createdTime`, `updatedUser`, `updatedTime`) VALUES (15088962543639,1, 60579600459128832, 'admin', '2017-09-14 01:54:37', 'admin', '2017-09-14 01:54:37');
INSERT INTO `tmn_sys_role_menu` (`id`,`roleId`, `menuId`, `createdUser`, `createdTime`, `updatedUser`, `updatedTime`) VALUES (15088962543640,1, 60579702540099584, 'admin', '2017-09-14 01:54:37', 'admin', '2017-09-14 01:54:37');
INSERT INTO `tmn_sys_role_menu` (`id`,`roleId`, `menuId`, `createdUser`, `createdTime`, `updatedUser`, `updatedTime`) VALUES (15088962543641,1, 60579787705442304, 'admin', '2017-09-14 01:54:37', 'admin', '2017-09-14 01:54:37');
INSERT INTO `tmn_sys_role_menu` (`id`,`roleId`, `menuId`, `createdUser`, `createdTime`, `updatedUser`, `updatedTime`) VALUES (15088962543642,1, 60579865966960640, 'admin', '2017-09-14 01:54:37', 'admin', '2017-09-14 01:54:37');
INSERT INTO `tmn_sys_role_menu` (`id`,`roleId`, `menuId`, `createdUser`, `createdTime`, `updatedUser`, `updatedTime`) VALUES (15088962543643,1, 61305787082874880, 'admin', '2017-09-14 01:54:37', 'admin', '2017-09-14 01:54:37');
INSERT INTO `tmn_sys_role_menu` (`id`,`roleId`, `menuId`, `createdUser`, `createdTime`, `updatedUser`, `updatedTime`) VALUES (15088966737920,1, 61305967089819648, 'admin', '2017-09-14 01:54:37', 'admin', '2017-09-14 01:54:37');
INSERT INTO `tmn_sys_role_menu` (`id`,`roleId`, `menuId`, `createdUser`, `createdTime`, `updatedUser`, `updatedTime`) VALUES (15088966737921,1, 63123183049404416, 'admin', '2017-09-14 01:54:37', 'admin', '2017-09-14 01:54:37');


-- 角色资源权限
INSERT INTO `tmn_sys_role_permission` (`id`,`roleId`, `permissionId`, `createdUser`, `createdTime`, `updatedUser`, `updatedTime`) VALUES (15088966737922,1, 1, 'admin', '2017-09-14 01:54:36', 'admin', '2017-09-14 01:54:36');
INSERT INTO `tmn_sys_role_permission` (`id`,`roleId`, `permissionId`, `createdUser`, `createdTime`, `updatedUser`, `updatedTime`) VALUES (15088966737923,1, 2, 'admin', '2017-09-14 01:54:36', 'admin', '2017-09-14 01:54:36');
INSERT INTO `tmn_sys_role_permission` (`id`,`roleId`, `permissionId`, `createdUser`, `createdTime`, `updatedUser`, `updatedTime`) VALUES (15088966737924,1, 3, 'admin', '2017-09-14 01:54:36', 'admin', '2017-09-14 01:54:36');
INSERT INTO `tmn_sys_role_permission` (`id`,`roleId`, `permissionId`, `createdUser`, `createdTime`, `updatedUser`, `updatedTime`) VALUES (15088966737925,1, 4, 'admin', '2017-09-14 01:54:36', 'admin', '2017-09-14 01:54:36');
INSERT INTO `tmn_sys_role_permission` (`id`,`roleId`, `permissionId`, `createdUser`, `createdTime`, `updatedUser`, `updatedTime`) VALUES (15088966737926,1, 5, 'admin', '2017-09-14 01:54:36', 'admin', '2017-09-14 01:54:36');
INSERT INTO `tmn_sys_role_permission` (`id`,`roleId`, `permissionId`, `createdUser`, `createdTime`, `updatedUser`, `updatedTime`) VALUES (15088966737927,1, 6, 'admin', '2017-09-14 01:54:36', 'admin', '2017-09-14 01:54:36');
INSERT INTO `tmn_sys_role_permission` (`id`,`roleId`, `permissionId`, `createdUser`, `createdTime`, `updatedUser`, `updatedTime`) VALUES (15088966737928,1, 7, 'admin', '2017-09-14 01:54:36', 'admin', '2017-09-14 01:54:36');
INSERT INTO `tmn_sys_role_permission` (`id`,`roleId`, `permissionId`, `createdUser`, `createdTime`, `updatedUser`, `updatedTime`) VALUES (15088966737929,1, 8, 'admin', '2017-09-14 01:54:36', 'admin', '2017-09-14 01:54:36');
INSERT INTO `tmn_sys_role_permission` (`id`,`roleId`, `permissionId`, `createdUser`, `createdTime`, `updatedUser`, `updatedTime`) VALUES (15088966737930,1, 9, 'admin', '2017-09-14 01:54:36', 'admin', '2017-09-14 01:54:36');
INSERT INTO `tmn_sys_role_permission` (`id`,`roleId`, `permissionId`, `createdUser`, `createdTime`, `updatedUser`, `updatedTime`) VALUES (15088966737931,1, 10, 'admin', '2017-09-14 01:54:36', 'admin', '2017-09-14 01:54:36');
INSERT INTO `tmn_sys_role_permission` (`id`,`roleId`, `permissionId`, `createdUser`, `createdTime`, `updatedUser`, `updatedTime`) VALUES (15088966737932,1, 11, 'admin', '2017-09-14 01:54:36', 'admin', '2017-09-14 01:54:36');
INSERT INTO `tmn_sys_role_permission` (`id`,`roleId`, `permissionId`, `createdUser`, `createdTime`, `updatedUser`, `updatedTime`) VALUES (15088966737933,1, 12, 'admin', '2017-09-14 01:54:36', 'admin', '2017-09-14 01:54:36');
INSERT INTO `tmn_sys_role_permission` (`id`,`roleId`, `permissionId`, `createdUser`, `createdTime`, `updatedUser`, `updatedTime`) VALUES (15088966737934,1, 13, 'admin', '2017-09-14 01:54:36', 'admin', '2017-09-14 01:54:36');
INSERT INTO `tmn_sys_role_permission` (`id`,`roleId`, `permissionId`, `createdUser`, `createdTime`, `updatedUser`, `updatedTime`) VALUES (15088966737935,1, 14, 'admin', '2017-09-14 01:54:36', 'admin', '2017-09-14 01:54:36');
INSERT INTO `tmn_sys_role_permission` (`id`,`roleId`, `permissionId`, `createdUser`, `createdTime`, `updatedUser`, `updatedTime`) VALUES (15088966737936,1, 15, 'admin', '2017-09-14 01:54:36', 'admin', '2017-09-14 01:54:36');
INSERT INTO `tmn_sys_role_permission` (`id`,`roleId`, `permissionId`, `createdUser`, `createdTime`, `updatedUser`, `updatedTime`) VALUES (15088966737937,1, 16, 'admin', '2017-09-14 01:54:36', 'admin', '2017-09-14 01:54:36');
INSERT INTO `tmn_sys_role_permission` (`id`,`roleId`, `permissionId`, `createdUser`, `createdTime`, `updatedUser`, `updatedTime`) VALUES (15088966737938,1, 17, 'admin', '2017-09-14 01:54:36', 'admin', '2017-09-14 01:54:36');
INSERT INTO `tmn_sys_role_permission` (`id`,`roleId`, `permissionId`, `createdUser`, `createdTime`, `updatedUser`, `updatedTime`) VALUES (15088966737939,1, 18, 'admin', '2017-09-14 01:54:36', 'admin', '2017-09-14 01:54:36');
INSERT INTO `tmn_sys_role_permission` (`id`,`roleId`, `permissionId`, `createdUser`, `createdTime`, `updatedUser`, `updatedTime`) VALUES (15088966737940,1, 19, 'admin', '2017-09-14 01:54:36', 'admin', '2017-09-14 01:54:36');
INSERT INTO `tmn_sys_role_permission` (`id`,`roleId`, `permissionId`, `createdUser`, `createdTime`, `updatedUser`, `updatedTime`) VALUES (15088966737941,1, 20, 'admin', '2017-09-14 01:54:36', 'admin', '2017-09-14 01:54:36');
INSERT INTO `tmn_sys_role_permission` (`id`,`roleId`, `permissionId`, `createdUser`, `createdTime`, `updatedUser`, `updatedTime`) VALUES (15088966737942,1, 21, 'admin', '2017-09-14 01:54:36', 'admin', '2017-09-14 01:54:36');
INSERT INTO `tmn_sys_role_permission` (`id`,`roleId`, `permissionId`, `createdUser`, `createdTime`, `updatedUser`, `updatedTime`) VALUES (15088966737943,1, 22, 'admin', '2017-09-14 01:54:36', 'admin', '2017-09-14 01:54:36');
INSERT INTO `tmn_sys_role_permission` (`id`,`roleId`, `permissionId`, `createdUser`, `createdTime`, `updatedUser`, `updatedTime`) VALUES (15088966737944,1, 23, 'admin', '2017-09-14 01:54:36', 'admin', '2017-09-14 01:54:36');
INSERT INTO `tmn_sys_role_permission` (`id`,`roleId`, `permissionId`, `createdUser`, `createdTime`, `updatedUser`, `updatedTime`) VALUES (15088966737945,1, 24, 'admin', '2017-09-14 01:54:36', 'admin', '2017-09-14 01:54:36');
INSERT INTO `tmn_sys_role_permission` (`id`,`roleId`, `permissionId`, `createdUser`, `createdTime`, `updatedUser`, `updatedTime`) VALUES (15088966737946,1, 25, 'admin', '2017-09-14 01:54:36', 'admin', '2017-09-14 01:54:36');
INSERT INTO `tmn_sys_role_permission` (`id`,`roleId`, `permissionId`, `createdUser`, `createdTime`, `updatedUser`, `updatedTime`) VALUES (15088966737947,1, 26, 'admin', '2017-09-14 01:54:36', 'admin', '2017-09-14 01:54:36');
INSERT INTO `tmn_sys_role_permission` (`id`,`roleId`, `permissionId`, `createdUser`, `createdTime`, `updatedUser`, `updatedTime`) VALUES (15088966737948,1, 27, 'admin', '2017-09-14 01:54:36', 'admin', '2017-09-14 01:54:36');
INSERT INTO `tmn_sys_role_permission` (`id`,`roleId`, `permissionId`, `createdUser`, `createdTime`, `updatedUser`, `updatedTime`) VALUES (15088966737949,1, 28, 'admin', '2017-09-14 01:54:36', 'admin', '2017-09-14 01:54:36');
INSERT INTO `tmn_sys_role_permission` (`id`,`roleId`, `permissionId`, `createdUser`, `createdTime`, `updatedUser`, `updatedTime`) VALUES (15088966737950,1, 29, 'admin', '2017-09-14 01:54:36', 'admin', '2017-09-14 01:54:36');
INSERT INTO `tmn_sys_role_permission` (`id`,`roleId`, `permissionId`, `createdUser`, `createdTime`, `updatedUser`, `updatedTime`) VALUES (15088966737951,1, 30, 'admin', '2017-09-14 01:54:36', 'admin', '2017-09-14 01:54:36');
INSERT INTO `tmn_sys_role_permission` (`id`,`roleId`, `permissionId`, `createdUser`, `createdTime`, `updatedUser`, `updatedTime`) VALUES (15088966737952,1, 31, 'admin', '2017-09-14 01:54:36', 'admin', '2017-09-14 01:54:36');
INSERT INTO `tmn_sys_role_permission` (`id`,`roleId`, `permissionId`, `createdUser`, `createdTime`, `updatedUser`, `updatedTime`) VALUES (15088966737953,1, 32, 'admin', '2017-09-14 01:54:36', 'admin', '2017-09-14 01:54:36');
INSERT INTO `tmn_sys_role_permission` (`id`,`roleId`, `permissionId`, `createdUser`, `createdTime`, `updatedUser`, `updatedTime`) VALUES (15088966737954,1, 33, 'admin', '2017-09-14 01:54:36', 'admin', '2017-09-14 01:54:36');
INSERT INTO `tmn_sys_role_permission` (`id`,`roleId`, `permissionId`, `createdUser`, `createdTime`, `updatedUser`, `updatedTime`) VALUES (15088966737955,1, 34, 'admin', '2017-09-14 01:54:36', 'admin', '2017-09-14 01:54:36');
INSERT INTO `tmn_sys_role_permission` (`id`,`roleId`, `permissionId`, `createdUser`, `createdTime`, `updatedUser`, `updatedTime`) VALUES (15088966737956,1, 35, 'admin', '2017-09-14 01:54:36', 'admin', '2017-09-14 01:54:36');
INSERT INTO `tmn_sys_role_permission` (`id`,`roleId`, `permissionId`, `createdUser`, `createdTime`, `updatedUser`, `updatedTime`) VALUES (15088966737957,1, 36, 'admin', '2017-09-14 01:54:36', 'admin', '2017-09-14 01:54:36');
INSERT INTO `tmn_sys_role_permission` (`id`,`roleId`, `permissionId`, `createdUser`, `createdTime`, `updatedUser`, `updatedTime`) VALUES (15088966737958,1, 60647978313998336, 'admin', '2017-09-14 01:54:36', 'admin', '2017-09-14 01:54:36');
INSERT INTO `tmn_sys_role_permission` (`id`,`roleId`, `permissionId`, `createdUser`, `createdTime`, `updatedUser`, `updatedTime`) VALUES (15088966737959,1, 60649080031830016, 'admin', '2017-09-14 01:54:36', 'admin', '2017-09-14 01:54:36');
INSERT INTO `tmn_sys_role_permission` (`id`,`roleId`, `permissionId`, `createdUser`, `createdTime`, `updatedUser`, `updatedTime`) VALUES (15088966737960,1, 61007887702450176, 'admin', '2017-09-14 01:54:36', 'admin', '2017-09-14 01:54:36');
INSERT INTO `tmn_sys_role_permission` (`id`,`roleId`, `permissionId`, `createdUser`, `createdTime`, `updatedUser`, `updatedTime`) VALUES (15088966737961,1, 61008498586034176, 'admin', '2017-09-14 01:54:36', 'admin', '2017-09-14 01:54:36');
INSERT INTO `tmn_sys_role_permission` (`id`,`roleId`, `permissionId`, `createdUser`, `createdTime`, `updatedUser`, `updatedTime`) VALUES (15088966737962,1, 61008704656400384, 'admin', '2017-09-14 01:54:36', 'admin', '2017-09-14 01:54:36');
INSERT INTO `tmn_sys_role_permission` (`id`,`roleId`, `permissionId`, `createdUser`, `createdTime`, `updatedUser`, `updatedTime`) VALUES (15088966737963,1, 61008983162380288, 'admin', '2017-09-14 01:54:36', 'admin', '2017-09-14 01:54:36');
INSERT INTO `tmn_sys_role_permission` (`id`,`roleId`, `permissionId`, `createdUser`, `createdTime`, `updatedUser`, `updatedTime`) VALUES (15088966737964,1, 61009238087983104, 'admin', '2017-09-14 01:54:36', 'admin', '2017-09-14 01:54:36');
INSERT INTO `tmn_sys_role_permission` (`id`,`roleId`, `permissionId`, `createdUser`, `createdTime`, `updatedUser`, `updatedTime`) VALUES (15088966737965,1, 61009491994353664, 'admin', '2017-09-14 01:54:36', 'admin', '2017-09-14 01:54:36');
INSERT INTO `tmn_sys_role_permission` (`id`,`roleId`, `permissionId`, `createdUser`, `createdTime`, `updatedUser`, `updatedTime`) VALUES (15088966737966,1, 61011724706275328, 'admin', '2017-09-14 01:54:36', 'admin', '2017-09-14 01:54:36');
INSERT INTO `tmn_sys_role_permission` (`id`,`roleId`, `permissionId`, `createdUser`, `createdTime`, `updatedUser`, `updatedTime`) VALUES (15088966737967,1, 61021361799192576, 'admin', '2017-09-14 01:54:36', 'admin', '2017-09-14 01:54:36');
INSERT INTO `tmn_sys_role_permission` (`id`,`roleId`, `permissionId`, `createdUser`, `createdTime`, `updatedUser`, `updatedTime`) VALUES (15088966737968,1, 61021687881150464, 'admin', '2017-09-14 01:54:36', 'admin', '2017-09-14 01:54:36');
INSERT INTO `tmn_sys_role_permission` (`id`,`roleId`, `permissionId`, `createdUser`, `createdTime`, `updatedUser`, `updatedTime`) VALUES (15088966737969,1, 61022465291214848, 'admin', '2017-09-14 01:54:36', 'admin', '2017-09-14 01:54:36');
INSERT INTO `tmn_sys_role_permission` (`id`,`roleId`, `permissionId`, `createdUser`, `createdTime`, `updatedUser`, `updatedTime`) VALUES (15088966737970,1, 61028593450377216, 'admin', '2017-09-14 01:54:36', 'admin', '2017-09-14 01:54:36');
INSERT INTO `tmn_sys_role_permission` (`id`,`roleId`, `permissionId`, `createdUser`, `createdTime`, `updatedUser`, `updatedTime`) VALUES (15088966737971,1, 61312449059512320, 'admin', '2017-09-14 01:54:36', 'admin', '2017-09-14 01:54:36');
INSERT INTO `tmn_sys_role_permission` (`id`,`roleId`, `permissionId`, `createdUser`, `createdTime`, `updatedUser`, `updatedTime`) VALUES (15088966737972,1, 61317179760472064, 'admin', '2017-09-14 01:54:36', 'admin', '2017-09-14 01:54:36');
INSERT INTO `tmn_sys_role_permission` (`id`,`roleId`, `permissionId`, `createdUser`, `createdTime`, `updatedUser`, `updatedTime`) VALUES (15088966737973,1, 61320379393667072, 'admin', '2017-09-14 01:54:36', 'admin', '2017-09-14 01:54:36');
INSERT INTO `tmn_sys_role_permission` (`id`,`roleId`, `permissionId`, `createdUser`, `createdTime`, `updatedUser`, `updatedTime`) VALUES (15088966737974,1, 61320516429967360, 'admin', '2017-09-14 01:54:36', 'admin', '2017-09-14 01:54:36');
INSERT INTO `tmn_sys_role_permission` (`id`,`roleId`, `permissionId`, `createdUser`, `createdTime`, `updatedUser`, `updatedTime`) VALUES (15088966737975,1, 62306852569903104, 'admin', '2017-09-14 01:54:36', 'admin', '2017-09-14 01:54:36');
INSERT INTO `tmn_sys_role_permission` (`id`,`roleId`, `permissionId`, `createdUser`, `createdTime`, `updatedUser`, `updatedTime`) VALUES (15088966737976,1, 62361032475041792, 'admin', '2017-09-14 01:54:36', 'admin', '2017-09-14 01:54:36');
INSERT INTO `tmn_sys_role_permission` (`id`,`roleId`, `permissionId`, `createdUser`, `createdTime`, `updatedUser`, `updatedTime`) VALUES (15088966737977,1, 62361931901571072, 'admin', '2017-09-14 01:54:36', 'admin', '2017-09-14 01:54:36');
INSERT INTO `tmn_sys_role_permission` (`id`,`roleId`, `permissionId`, `createdUser`, `createdTime`, `updatedUser`, `updatedTime`) VALUES (15088966737978,1, 62362207425400832, 'admin', '2017-09-14 01:54:36', 'admin', '2017-09-14 01:54:36');
INSERT INTO `tmn_sys_role_permission` (`id`,`roleId`, `permissionId`, `createdUser`, `createdTime`, `updatedUser`, `updatedTime`) VALUES (15088966737979,1, 62362551580647424, 'admin', '2017-09-14 01:54:36', 'admin', '2017-09-14 01:54:36');
INSERT INTO `tmn_sys_role_permission` (`id`,`roleId`, `permissionId`, `createdUser`, `createdTime`, `updatedUser`, `updatedTime`) VALUES (15088966737980,1, 62665990768451584, 'admin', '2017-09-14 01:54:36', 'admin', '2017-09-14 01:54:36');
INSERT INTO `tmn_sys_role_permission` (`id`,`roleId`, `permissionId`, `createdUser`, `createdTime`, `updatedUser`, `updatedTime`) VALUES (15088966737981,1, 62670042159915008, 'admin', '2017-09-14 01:54:36', 'admin', '2017-09-14 01:54:36');
INSERT INTO `tmn_sys_role_permission` (`id`,`roleId`, `permissionId`, `createdUser`, `createdTime`, `updatedUser`, `updatedTime`) VALUES (15088966737982,1, 62693805064740864, 'admin', '2017-09-14 01:54:36', 'admin', '2017-09-14 01:54:36');
INSERT INTO `tmn_sys_role_permission` (`id`,`roleId`, `permissionId`, `createdUser`, `createdTime`, `updatedUser`, `updatedTime`) VALUES (15088966737983,1, 62728097836834816, 'admin', '2017-09-14 01:54:36', 'admin', '2017-09-14 01:54:36');
INSERT INTO `tmn_sys_role_permission` (`id`,`roleId`, `permissionId`, `createdUser`, `createdTime`, `updatedUser`, `updatedTime`) VALUES (15088966737984,1, 62750744134049792, 'admin', '2017-09-14 01:54:36', 'admin', '2017-09-14 01:54:36');
INSERT INTO `tmn_sys_role_permission` (`id`,`roleId`, `permissionId`, `createdUser`, `createdTime`, `updatedUser`, `updatedTime`) VALUES (15088966737985,1, 62750865672396800, 'admin', '2017-09-14 01:54:36', 'admin', '2017-09-14 01:54:36');
INSERT INTO `tmn_sys_role_permission` (`id`,`roleId`, `permissionId`, `createdUser`, `createdTime`, `updatedUser`, `updatedTime`) VALUES (15088966737986,1, 62750973356957696, 'admin', '2017-09-14 01:54:36', 'admin', '2017-09-14 01:54:36');
INSERT INTO `tmn_sys_role_permission` (`id`,`roleId`, `permissionId`, `createdUser`, `createdTime`, `updatedUser`, `updatedTime`) VALUES (15088966737987,1, 62765847088734208, 'admin', '2017-09-14 01:54:36', 'admin', '2017-09-14 01:54:36');
INSERT INTO `tmn_sys_role_permission` (`id`,`roleId`, `permissionId`, `createdUser`, `createdTime`, `updatedUser`, `updatedTime`) VALUES (15088966737988,1, 62766668773875712, 'admin', '2017-09-14 01:54:36', 'admin', '2017-09-14 01:54:36');
INSERT INTO `tmn_sys_role_permission` (`id`,`roleId`, `permissionId`, `createdUser`, `createdTime`, `updatedUser`, `updatedTime`) VALUES (15088966737989,1, 62776177386872832, 'admin', '2017-09-14 01:54:36', 'admin', '2017-09-14 01:54:36');
INSERT INTO `tmn_sys_role_permission` (`id`,`roleId`, `permissionId`, `createdUser`, `createdTime`, `updatedUser`, `updatedTime`) VALUES (15088966737990,1, 63048216169439232, 'admin', '2017-09-14 01:54:36', 'admin', '2017-09-14 01:54:36');
INSERT INTO `tmn_sys_role_permission` (`id`,`roleId`, `permissionId`, `createdUser`, `createdTime`, `updatedUser`, `updatedTime`) VALUES (15088966737991,1, 63053970188279808, 'admin', '2017-09-14 01:54:36', 'admin', '2017-09-14 01:54:36');


-- 用户角色权限
INSERT INTO `tmn_sys_user_role` (`id`,`userId`, `roleId`, `createdUser`, `createdTime`, `updatedUser`, `updatedTime`) VALUES (15088966737992,1, 1, 'admin', '2017-09-14 02:18:23', 'admin', '2017-09-14 02:18:23');
INSERT INTO `tmn_sys_user_role` (`id`,`userId`, `roleId`, `createdUser`, `createdTime`, `updatedUser`, `updatedTime`) VALUES (15088966737993,61236681424003072, 1, 'admin', '2017-09-14 02:18:23', 'admin', '2017-09-14 02:18:23');
INSERT INTO `tmn_sys_user_role` (`id`,`userId`, `roleId`, `createdUser`, `createdTime`, `updatedUser`, `updatedTime`) VALUES (15088966737994,61233638506766336, 1, 'admin', '2017-09-14 02:18:23', 'admin', '2017-09-14 02:18:23');
INSERT INTO `tmn_sys_user_role` (`id`,`userId`, `roleId`, `createdUser`, `createdTime`, `updatedUser`, `updatedTime`) VALUES (15088966737995,61214222457004032, 1, 'admin', '2017-09-14 02:18:23', 'admin', '2017-09-14 02:18:23');
INSERT INTO `tmn_sys_user_role` (`id`,`userId`, `roleId`, `createdUser`, `createdTime`, `updatedUser`, `updatedTime`) VALUES (15088966737996,60918789746724864, 1, 'admin', '2017-09-14 02:18:23', 'admin', '2017-09-14 02:18:23');
INSERT INTO `tmn_sys_user_role` (`id`,`userId`, `roleId`, `createdUser`, `createdTime`, `updatedUser`, `updatedTime`) VALUES (15088966737997,60914705731969024, 1, 'admin', '2017-09-14 02:18:23', 'admin', '2017-09-14 02:18:23');
INSERT INTO `tmn_sys_user_role` (`id`,`userId`, `roleId`, `createdUser`, `createdTime`, `updatedUser`, `updatedTime`) VALUES (15088966737998,63052360783503360, 1, 'admin', '2017-09-14 02:18:23', 'admin', '2017-09-14 02:18:23');
INSERT INTO `tmn_sys_user_role` (`id`,`userId`, `roleId`, `createdUser`, `createdTime`, `updatedUser`, `updatedTime`) VALUES (15088966737999,60918789746724864, 2, 'admin', '2017-09-14 02:18:23', 'admin', '2017-09-14 02:18:23');
INSERT INTO `tmn_sys_user_role` (`id`,`userId`, `roleId`, `createdUser`, `createdTime`, `updatedUser`, `updatedTime`) VALUES (15088966738000,61214222457004032, 2, 'admin', '2017-09-14 02:18:23', 'admin', '2017-09-14 02:18:23');
INSERT INTO `tmn_sys_user_role` (`id`,`userId`, `roleId`, `createdUser`, `createdTime`, `updatedUser`, `updatedTime`) VALUES (15088966738001,1, 2, 'admin', '2017-09-14 02:18:23', 'admin', '2017-09-14 02:18:23');



















